evals,best_lap
20,17.646652
40,17.437956
60,16.730001
80,16.730001
100,16.730001
120,16.675944
140,16.675944
160,16.675944
180,16.675944
200,16.675944
220,16.675944
240,16.675944
260,16.675944
280,16.675944
300,16.675944
320,16.675944
340,16.675944
360,16.675944
380,16.675944
400,16.675944
420,16.675944
440,16.675944
460,16.675944
480,16.396714
500,16.396714
520,16.396714
540,16.396714
560,16.396714
580,16.396714
600,16.396714
620,16.396714
640,16.396714
660,16.396714
680,16.396714
700,16.396714
720,16.396714
740,16.396714
760,16.396714
780,16.396714
800,16.396714
820,16.396714
840,16.396714
860,16.396714
880,16.396714
900,16.396714
920,16.396714
940,16.396714
960,16.396714
980,16.396714
1000,16.396714
1020,16.396714
1040,16.396714
1060,16.396714
1080,16.396714
1100,16.396714
1120,16.396714
1140,16.396714
1160,16.396714
1180,16.396714
1200,16.396714
1220,16.396714
1240,16.396714
1260,16.396714
1280,16.396714
1300,16.396714
1320,16.396714
1340,16.396714
1360,16.396714
1380,16.396714
1400,16.396714
1420,16.396714
1440,16.396714
1460,16.396714
1480,16.396714
1500,16.396714
1520,16.396714
1540,16.396714
1560,16.396714
1580,16.396714
1600,16.396714
1620,16.396714
1640,16.396714
1660,16.396714
1680,16.389868
1700,16.389868
1720,16.389868
1740,16.389868
1760,16.389868
1780,16.389868
1800,16.389868
1820,16.389868
1840,16.389868
1860,16.389868
1880,16.389868
1900,16.389868
1920,16.389868
1940,16.389868
1960,16.389868
1980,16.389868
2000,16.389868
2020,16.389868
2040,16.389868
2060,16.389868
2080,16.389868
2100,16.389868
2120,16.389868
2140,15.993083
2160,15.993083
2180,15.993083
2200,15.993083
2220,15.993083
2240,15.993083
2260,15.993083
2280,15.993083
2300,15.993083
2320,15.993083
2340,15.993083
2360,15.993083
2380,15.993083
2400,15.993083
2420,15.993083
2440,15.993083
2460,15.993083
2480,15.993083
2500,15.993083
2520,15.993083
2540,15.993083
2560,15.993083
2580,15.993083
2600,15.993083
2620,15.993083
2640,15.993083
2660,15.993083
2680,15.993083
2700,15.993083
2720,15.993083
2740,15.993083
2760,15.993083
2780,15.993083
2800,15.993083
2820,15.993083
2840,15.993083
2860,15.993083
2880,15.993083
2900,15.993083
2920,15.993083
2940,15.993083
2960,15.993083
2980,15.993083
3000,15.993083
3020,15.993083
3040,15.993083
3060,15.993083
3080,15.993083
3100,15.993083
3120,15.993083
3140,15.993083
3160,15.993083
3180,15.993083
3200,15.993083
3220,15.993083
3240,15.993083
3260,15.993083
3280,15.993083
3300,15.993083
3320,15.993083
3340,15.993083
3360,15.993083
3380,15.993083
3400,15.993083
3420,15.993083
3440,15.993083
3460,15.993083
3480,15.993083
3500,15.993083
3520,15.993083
3540,15.993083
3560,15.993083
3580,15.993083
3600,15.993083
3620,15.993083
3640,15.993083
3660,15.993083
3680,15.993083
3700,15.993083
3720,15.993083
3740,15.993083
3760,15.993083
3780,15.993083
3800,15.993083
3820,15.993083
3840,15.993083
3860,15.993083
3880,15.993083
3900,15.993083
3920,15.993083
3940,15.993083
3960,15.993083
3980,15.993083
4000,15.993083
4020,15.993083
4040,15.993083
4060,15.993083
4080,15.993083
4100,15.993083
4120,15.993083
4140,15.993083
4160,15.993083
4180,15.993083
4200,15.993083
4220,15.993083
4240,15.993083
4260,15.993083
4280,15.993083
4300,15.993083
4320,15.993083
4340,15.993083
4360,15.993083
4380,15.993083
4400,15.993083
4420,15.993083
4440,15.993083
4460,15.993083
4480,15.993083
4500,15.993083
4520,15.993083
4540,15.993083
4560,15.993083
4580,15.993083
4600,15.993083
4620,15.993083
4640,15.993083
4660,15.993083
4680,15.993083
4700,15.993083
4720,15.993083
4740,15.993083
4760,15.993083
4780,15.993083
4800,15.993083
4820,15.993083
4840,15.993083
4860,15.993083
4880,15.993083
4900,15.993083
4920,15.993083
4940,15.993083
4960,15.993083
4980,15.993083
5000,15.993083
5020,15.993083
5040,15.993083
5060,15.993083
5080,15.993083
5100,15.993083
5120,15.993083
5140,15.993083
5160,15.993083
5180,15.993083
5200,15.993083
5220,15.993083
5240,15.993083
5260,15.993083
5280,15.993083
5300,15.993083
5320,15.993083
5340,15.993083
5360,15.993083
5380,15.993083
5400,15.993083
5420,15.993083
5440,15.993083
5460,15.993083
5480,15.993083
5500,15.993083
5520,15.993083
5540,15.993083
5560,15.993083
5580,15.993083
5600,15.993083
5620,15.993083
5640,15.993083
5660,15.993083
5680,15.993083
5700,15.993083
5720,15.993083
5740,15.993083
5760,15.993083
5780,15.993083
5800,15.993083
5820,15.993083
5840,15.993083
5860,15.993083
5880,15.993083
5900,15.993083
5920,15.993083
5940,15.993083
5960,15.993083
5980,15.993083
6000,15.993083
6020,15.993083
6040,15.993083
6060,15.993083
6080,15.993083
6100,15.993083
6120,15.993083
6140,15.993083
6160,15.993083
6180,15.993083
6200,15.993083
6220,15.993083
6240,15.993083
6260,15.993083
6280,15.993083
6300,15.993083
6320,15.993083
6340,15.993083
6360,15.993083
6380,15.993083
6400,15.993083
6420,15.993083
6440,15.993083
6460,15.993083
6480,15.993083
6500,15.993083
6520,15.993083
6540,15.993083
6560,15.993083
6580,15.993083
6600,15.993083
6620,15.993083
6640,15.993083
6660,15.993083
6680,15.993083
6700,15.993083
6720,15.993083
6740,15.993083
6760,15.993083
6780,15.993083
6800,15.993083
6820,15.993083
6840,15.993083
6860,15.993083
6880,15.993083
6900,15.993083
6920,15.993083
6940,15.993083
6960,15.993083
6980,15.993083
7000,15.993083
7020,15.993083
7040,15.993083
7060,15.993083
7080,15.993083
7100,15.993083
7120,15.993083
7140,15.993083
7160,15.993083
7180,15.993083
7200,15.993083
7220,15.993083
7240,15.993083
7260,15.993083
7280,15.993083
7300,15.993083
7320,15.993083
7340,15.993083
7360,15.993083
7380,15.993083
7400,15.993083
7420,15.993083
7440,15.993083
7460,15.993083
7480,15.993083
7500,15.993083
7520,15.993083
7540,15.993083
7560,15.993083
7580,15.993083
7600,15.993083
7620,15.993083
7640,15.993083
7660,15.993083
7680,15.993083
7700,15.993083
7720,15.993083
7740,15.993083
7760,15.993083
7780,15.993083
7800,15.993083
7820,15.993083
7840,15.993083
7860,15.993083
7880,15.993083
7900,15.993083
7920,15.993083
7940,15.993083
7960,15.993083
7980,15.993083
8000,15.993083
8020,15.993083
8040,15.993083
8060,15.993083
8080,15.993083
8100,15.993083
8120,15.993083
8140,15.993083
8160,15.993083
8180,15.993083
8200,15.993083
8220,15.993083
8240,15.993083
8260,15.993083
8280,15.993083
8300,15.993083
8320,15.993083
8340,15.993083
8360,15.993083
8380,15.993083
8400,15.993083
8420,15.993083
8440,15.993083
8460,15.993083
8480,15.993083
8500,15.993083
8520,15.993083
8540,15.993083
8560,15.993083
8580,15.993083
8600,15.993083
8620,15.993083
8640,15.993083
8660,15.993083
8680,15.993083
8700,15.993083
8720,15.993083
8740,15.993083
8760,15.993083
8780,15.993083
8800,15.993083
8820,15.993083
8840,15.993083
8860,15.993083
8880,15.993083
8900,15.993083
8920,15.993083
8940,15.993083
8960,15.993083
8980,15.993083
9000,15.993083
9020,15.993083
9040,15.993083
9060,15.993083
9080,15.993083
9100,15.993083
9120,15.993083
9140,15.993083
9160,15.993083
9180,15.993083
9200,15.993083
9220,15.993083
9240,15.993083
9260,15.993083
9280,15.993083
9300,15.993083
9320,15.993083
9340,15.993083
9360,15.993083
9380,15.993083
9400,15.993083
9420,15.993083
9440,15.993083
9460,15.993083
9480,15.993083
9500,15.993083
9520,15.993083
9540,15.993083
9560,15.993083
9580,15.993083
9600,15.993083
9620,15.993083
9640,15.993083
9660,15.993083
9680,15.993083
9700,15.993083
9720,15.993083
9740,15.993083
9760,15.993083
9780,15.993083
9800,15.993083
9820,15.993083
9840,15.993083
9860,15.971117
9880,15.971117
9900,15.971117
9920,15.971117
9940,15.971117
9960,15.971117
9980,15.971117
10000,15.971117
