run_id,algorithm,track,seed,best_lap_s,baseline_lap_s,improvement_pct,evals_used,evals_to_1pct,duration_s,git_commit
00003_aco_oval_44,aco,oval,-1172413528,56,91,60,00,5,15,10000,5000,0,unknown
00001_aco_oval_42,aco,oval,-1170105035,58,36,60,00,2,73,10000,5000,0,unknown
00004_aco_oval_45,aco,oval,-1172798277,52,64,60,00,12,26,10000,5000,0,unknown
00002_aco_oval_43,aco,oval,-1170489784,52,25,60,00,12,92,10000,5000,0,unknown
00006_aco_oval_47,aco,oval,-1172028779,52,41,60,00,12,65,10000,5000,0,unknown
00007_aco_oval_48,aco,oval,-1161640559,51,33,60,00,14,44,10000,5000,0,unknown
00005_aco_oval_46,aco,oval,-1171644030,56,65,60,00,5,58,10000,5000,0,unknown
00008_aco_oval_49,aco,oval,-1162025308,55,80,60,00,7,00,10000,5000,0,unknown
00011_aco_tight_42,aco,tight,-1170105035,56,61,60,00,5,65,10000,5000,0,unknown
00009_aco_oval_50,aco,oval,-1160871061,52,08,60,00,13,20,10000,5000,0,unknown
00010_aco_oval_51,aco,oval,-1161255810,51,20,60,00,14,67,10000,5000,0,unknown
00012_aco_tight_43,aco,tight,-1170489784,53,81,60,00,10,32,10000,5000,0,unknown
00014_aco_tight_45,aco,tight,-1172798277,54,18,60,00,9,70,10000,5000,0,unknown
00015_aco_tight_46,aco,tight,-1171644030,51,29,60,00,14,52,10000,5000,0,unknown
00013_aco_tight_44,aco,tight,-1172413528,50,56,60,00,15,73,10000,5000,0,unknown
00016_aco_tight_47,aco,tight,-1172028779,57,89,60,00,3,51,10000,5000,0,unknown
00019_aco_tight_50,aco,tight,-1160871061,54,76,60,00,8,74,10000,5000,0,unknown
00018_aco_tight_49,aco,tight,-1162025308,58,18,60,00,3,04,10000,5000,0,unknown
00017_aco_tight_48,aco,tight,-1161640559,56,04,60,00,6,59,10000,5000,0,unknown
00020_aco_tight_51,aco,tight,-1161255810,58,22,60,00,2,96,10000,5000,0,unknown
00022_aco_road_43,aco,road,-1170489784,50,83,60,00,15,28,10000,5000,0,unknown
00023_aco_road_44,aco,road,-1172413528,50,37,60,00,16,06,10000,5000,0,unknown
00021_aco_road_42,aco,road,-1170105035,59,68,60,00,0,53,10000,5000,0,unknown
00024_aco_road_45,aco,road,-1172798277,58,40,60,00,2,66,10000,5000,0,unknown
00025_aco_road_46,aco,road,-1171644030,54,49,60,00,9,18,10000,5000,0,unknown
00026_aco_road_47,aco,road,-1172028779,50,99,60,00,15,01,10000,5000,0,unknown
00027_aco_road_48,aco,road,-1161640559,54,37,60,00,9,38,10000,5000,0,unknown
00028_aco_road_49,aco,road,-1162025308,52,03,60,00,13,29,10000,5000,0,unknown
00029_aco_road_50,aco,road,-1160871061,57,52,60,00,4,14,10000,5000,0,unknown
00031_pso_oval_42,pso,oval,-1170105035,50,10,60,00,16,49,10000,5000,0,unknown
00030_aco_road_51,aco,road,-1161255810,57,69,60,00,3,85,10000,5000,0,unknown
00032_pso_oval_43,pso,oval,-1170489784,57,43,60,00,4,28,10000,5000,0,unknown
00035_pso_oval_46,pso,oval,-1171644030,54,68,60,00,8,87,10000,5000,0,unknown
00033_pso_oval_44,pso,oval,-1172413528,58,68,60,00,2,20,10000,5000,0,unknown
00034_pso_oval_45,pso,oval,-1172798277,50,07,60,00,16,55,10000,5000,0,unknown
00036_pso_oval_47,pso,oval,-1172028779,58,03,60,00,3,29,10000,5000,0,unknown
00038_pso_oval_49,pso,oval,-1162025308,51,51,60,00,14,14,10000,5000,0,unknown
00037_pso_oval_48,pso,oval,-1161640559,59,38,60,00,1,03,10000,5000,0,unknown
00039_pso_oval_50,pso,oval,-1160871061,55,27,60,00,7,88,10000,5000,0,unknown
00040_pso_oval_51,pso,oval,-1161255810,57,21,60,00,4,65,10000,5000,0,unknown
00041_pso_tight_42,pso,tight,-1170105035,50,98,60,00,15,03,10000,5000,0,unknown
00043_pso_tight_44,pso,tight,-1172413528,55,10,60,00,8,16,10000,5000,0,unknown
00042_pso_tight_43,pso,tight,-1170489784,56,54,60,00,5,77,10000,5000,0,unknown
00044_pso_tight_45,pso,tight,-1172798277,58,19,60,00,3,02,10000,5000,0,unknown
00045_pso_tight_46,pso,tight,-1171644030,55,05,60,00,8,25,10000,5000,0,unknown
00046_pso_tight_47,pso,tight,-1172028779,53,90,60,00,10,16,10000,5000,0,unknown
00047_pso_tight_48,pso,tight,-1161640559,53,01,60,00,11,66,10000,5000,0,unknown
00048_pso_tight_49,pso,tight,-1162025308,51,32,60,00,14,47,10000,5000,0,unknown
00051_pso_road_42,pso,road,-1170105035,58,93,60,00,1,79,10000,5000,0,unknown
00049_pso_tight_50,pso,tight,-1160871061,51,21,60,00,14,65,10000,5000,0,unknown
00050_pso_tight_51,pso,tight,-1161255810,57,17,60,00,4,71,10000,5000,0,unknown
00052_pso_road_43,pso,road,-1170489784,53,56,60,00,10,73,10000,5000,0,unknown
00053_pso_road_44,pso,road,-1172413528,54,70,60,00,8,83,10000,5000,0,unknown
00055_pso_road_46,pso,road,-1171644030,59,45,60,00,0,92,10000,5000,0,unknown
00054_pso_road_45,pso,road,-1172798277,58,11,60,00,3,15,10000,5000,0,unknown
00056_pso_road_47,pso,road,-1172028779,57,50,60,00,4,17,10000,5000,0,unknown
00057_pso_road_48,pso,road,-1161640559,52,08,60,00,13,19,10000,5000,0,unknown
00058_pso_road_49,pso,road,-1162025308,55,46,60,00,7,57,10000,5000,0,unknown
00059_pso_road_50,pso,road,-1160871061,53,01,60,00,11,66,10000,5000,0,unknown
00060_pso_road_51,pso,road,-1161255810,50,01,60,00,16,65,10000,5000,0,unknown
00062_adaptive_evaporation_oval_43,adaptive_evaporation,oval,-1170489784,53,86,60,00,10,24,10000,5000,0,unknown
00063_adaptive_evaporation_oval_44,adaptive_evaporation,oval,-1172413528,55,20,60,00,8,00,10000,5000,0,unknown
00061_adaptive_evaporation_oval_42,adaptive_evaporation,oval,-1170105035,56,28,60,00,6,21,10000,5000,0,unknown
00064_adaptive_evaporation_oval_45,adaptive_evaporation,oval,-1172798277,54,16,60,00,9,73,10000,5000,0,unknown
00067_adaptive_evaporation_oval_48,adaptive_evaporation,oval,-1161640559,58,09,60,00,3,18,10000,5000,0,unknown
00065_adaptive_evaporation_oval_46,adaptive_evaporation,oval,-1171644030,56,04,60,00,6,60,10000,5000,0,unknown
00066_adaptive_evaporation_oval_47,adaptive_evaporation,oval,-1172028779,57,97,60,00,3,38,10000,5000,0,unknown
00068_adaptive_evaporation_oval_49,adaptive_evaporation,oval,-1162025308,51,13,60,00,14,78,10000,5000,0,unknown
00070_adaptive_evaporation_oval_51,adaptive_evaporation,oval,-1161255810,58,07,60,00,3,21,10000,5000,0,unknown
00069_adaptive_evaporation_oval_50,adaptive_evaporation,oval,-1160871061,51,67,60,00,13,89,10000,5000,0,unknown
00071_adaptive_evaporation_tight_42,adaptive_evaporation,tight,-1170105035,58,16,60,00,3,06,10000,5000,0,unknown
00072_adaptive_evaporation_tight_43,adaptive_evaporation,tight,-1170489784,53,11,60,00,11,49,10000,5000,0,unknown
00075_adaptive_evaporation_tight_46,adaptive_evaporation,tight,-1171644030,50,55,60,00,15,75,10000,5000,0,unknown
00073_adaptive_evaporation_tight_44,adaptive_evaporation,tight,-1172413528,53,35,60,00,11,08,10000,5000,0,unknown
00074_adaptive_evaporation_tight_45,adaptive_evaporation,tight,-1172798277,51,02,60,00,14,97,10000,5000,0,unknown
00076_adaptive_evaporation_tight_47,adaptive_evaporation,tight,-1172028779,52,00,60,00,13,33,10000,5000,0,unknown
00077_adaptive_evaporation_tight_48,adaptive_evaporation,tight,-1161640559,55,76,60,00,7,07,10000,5000,0,unknown
00079_adaptive_evaporation_tight_50,adaptive_evaporation,tight,-1160871061,51,31,60,00,14,49,10000,5000,0,unknown
00078_adaptive_evaporation_tight_49,adaptive_evaporation,tight,-1162025308,55,20,60,00,8,00,10000,5000,0,unknown
00080_adaptive_evaporation_tight_51,adaptive_evaporation,tight,-1161255810,53,45,60,00,10,92,10000,5000,0,unknown
00083_adaptive_evaporation_road_44,adaptive_evaporation,road,-1172413528,51,24,60,00,14,61,10000,5000,0,unknown
00082_adaptive_evaporation_road_43,adaptive_evaporation,road,-1170489784,57,20,60,00,4,66,10000,5000,0,unknown
00081_adaptive_evaporation_road_42,adaptive_evaporation,road,-1170105035,58,88,60,00,1,87,10000,5000,0,unknown
00084_adaptive_evaporation_road_45,adaptive_evaporation,road,-1172798277,50,22,60,00,16,30,10000,5000,0,unknown
00086_adaptive_evaporation_road_47,adaptive_evaporation,road,-1172028779,55,77,60,00,7,05,10000,5000,0,unknown
00085_adaptive_evaporation_road_46,adaptive_evaporation,road,-1171644030,51,07,60,00,14,88,10000,5000,0,unknown
00087_adaptive_evaporation_road_48,adaptive_evaporation,road,-1161640559,54,40,60,00,9,33,10000,5000,0,unknown
00088_adaptive_evaporation_road_49,adaptive_evaporation,road,-1162025308,54,38,60,00,9,37,10000,5000,0,unknown
00089_adaptive_evaporation_road_50,adaptive_evaporation,road,-1160871061,52,22,60,00,12,96,10000,5000,0,unknown
00090_adaptive_evaporation_road_51,adaptive_evaporation,road,-1161255810,52,34,60,00,12,77,10000,5000,0,unknown
